urlkey,timestamp,original,mimetype,statuscode,digest,length
"net,osmand,download)/list.php",20150215181348,http://download.osmand.net:80/list.php,text/html,200,IHKGQJD27XRGQY5MSEBEOIIJJYLBJWIU,11984
"net,osmand,download)/list.php",20150328155405,http://download.osmand.net:80/list.php,text/html,200,BEE2INL3TQUAB37BI4WFJ7F45U3OFAEP,11991
"net,osmand,download)/list.php",20150512055255,http://download.osmand.net:80/list.php,text/html,200,KPCKNFDZQRB25UIJ4YGAO5KINDZUTYEK,12106
"net,osmand,download)/list.php",20150806074014,http://download.osmand.net:80/list.php,text/html,200,FRH6IC7SRQEQOLVP23K5ZWQFO2ZUFAUW,13459
"net,osmand,download)/list.php",20150907084557,http://download.osmand.net:80/list.php,text/html,200,OOANRTBIIW537GG25BPSFTTHAT42J6M3,13699
"net,osmand,download)/list.php",20151114120116,http://download.osmand.net:80/list.php,text/html,200,WT2WVKFI7G6IR5W77GSPZL7CYQBHTWQT,13247
"net,osmand,download)/list.php",20160117112511,http://download.osmand.net/list.php,text/html,200,QI32XTKSYWZ3BR45IDT5NM473S35U545,13465
"net,osmand,download)/list.php",20160305012246,http://download.osmand.net/list.php,text/html,200,TH23JOQO4OPETPS5CWM57UNP4RX7X7LB,14063
"net,osmand,download)/list.php",20160310043808,http://download.osmand.net:80/list.php,text/html,200,TH23JOQO4OPETPS5CWM57UNP4RX7X7LB,13890
"net,osmand,download)/list.php",20160320031055,http://download.osmand.net/list.php,text/html,200,DTXVGG4QVO4A2O2NYQW73EXYH5TDX4UM,14006
"net,osmand,download)/list.php",20160410082734,http://download.osmand.net:80/list.php,text/html,200,HKVVQKJBQUQG4WL7SMQYHFXGFYOTRM2S,13790
"net,osmand,download)/list.php",20160503015245,http://download.osmand.net:80/list.php,text/html,200,3TLRKRUKSQEJ7AOLLAMI6FQPQG2ZWYPO,13767
"net,osmand,download)/list.php",20160527170552,http://download.osmand.net:80/list.php,text/html,200,IKJ3LT54524YKAJWSG4HFGPP2EIE2WQT,17469
"net,osmand,download)/list.php",20160703122249,http://download.osmand.net:80/list.php,text/html,200,GGPMIMMRGXJ5RANFB6BYVQXD7UPBIXYS,17440
"net,osmand,download)/list.php",20160816052504,http://download.osmand.net/list.php,text/html,200,JJZOSC6PR37UQ7KMULUFVLQCW45OUNHN,17887
"net,osmand,download)/list.php",20160817163132,http://download.osmand.net:80/list.php,text/html,200,2EQRVT2PVWFUSO5GZDNDUWK3VVMROTZA,17506
"net,osmand,download)/list.php",20160904094330,http://download.osmand.net:80/list.php?,text/html,200,53MPALE6S5GOOPYX4EYEKB75H2MGWX5G,17541
"net,osmand,download)/list.php",20161031153418,http://download.osmand.net/list.php,text/html,200,DRMICVP5PSHU7QN6HRDNRLHXRX26ASRD,17640
"net,osmand,download)/list.php",20161119004430,http://download.osmand.net:80/list.php,text/html,200,DRMICVP5PSHU7QN6HRDNRLHXRX26ASRD,17461
"net,osmand,download)/list.php",20170207211918,http://download.osmand.net:80/list.php?,text/html,200,F6XCRPAK3GKC4SGVZB6YDI3YTPSRJNE4,17610
"net,osmand,download)/list.php",20170210135749,http://download.osmand.net/list.php,text/html,200,B2UJRF6ZT5PVFURQT4HBQFVTAUQLJMNK,17855
"net,osmand,download)/list.php",20170509073822,http://download.osmand.net:80/list.php,text/html,200,GK4I7ZXCLKEVDZMGUWSD7UCKH4UUWKCY,17725
"net,osmand,download)/list.php",20170517231916,http://download.osmand.net:80/list.php,text/html,200,BIH3W4EGLAPNLDADJWNE25DG2ULBKBPZ,17752
"net,osmand,download)/list.php",20170601041246,http://download.osmand.net:80/list.php,text/html,200,LVYLUHDTK4BPW5BKTLV22R2Z6FOEYZEN,17753
"net,osmand,download)/list.php",20170603200928,http://download.osmand.net:80/list.php?,text/html,200,HYP634K6MEQFJPPB4ZM4OUYPEMRS7INU,17808
"net,osmand,download)/list.php",20170611201817,http://download.osmand.net:80/list.php,text/html,200,GJQRUKWQYX32OV6IRTIKF7VNRCSEV2IT,17783
"net,osmand,download)/list.php",20170613125333,http://download.osmand.net:80/list.php,text/html,200,GJQRUKWQYX32OV6IRTIKF7VNRCSEV2IT,17785
"net,osmand,download)/list.php",20170701032824,http://download.osmand.net:80/list.php,text/html,200,7LBSTZ6WSDYHIZHZXDUZIFM6LHF4HK5J,17702
"net,osmand,download)/list.php",20170704165828,http://download.osmand.net:80/list.php?,text/html,200,ANOMNSFDJIEX6L4JZKH65ZQ537ADNWUS,17792
"net,osmand,download)/list.php",20170715232350,http://download.osmand.net:80/list.php,text/html,200,OX7SC7S4XIPAYLZTLUYOMF3W3GNPFYMV,17707
"net,osmand,download)/list.php",20170802111416,http://download.osmand.net:80/list.php,text/html,200,RLPD4WE6WJMFO3FSTM4FGHP5GUYJ46YR,16101
"net,osmand,download)/list.php",20170807063439,http://download.osmand.net:80/list.php?,text/html,200,2JORKPT6WV4JOBINOXCDFVFEMZRVM2DF,16204
"net,osmand,download)/list.php",20170810132153,http://download.osmand.net:80/list.php,text/html,200,O5IJPGWQJHYPCMEJ3O4TBPRCWE2DPZ66,16115
"net,osmand,download)/list.php",20170819221322,http://download.osmand.net:80/list.php,text/html,200,WQUTNJCZCBYEVNKZ37CNFJXWBA2ECHNM,16074
"net,osmand,download)/list.php",20170820135137,http://download.osmand.net:80/list.php,text/html,200,WQUTNJCZCBYEVNKZ37CNFJXWBA2ECHNM,16075
"net,osmand,download)/list.php",20170905215408,http://download.osmand.net:80/list.php,text/html,200,EA3W2RRU3VHHCA6VHT5OLNMR3FIICNKN,16199
"net,osmand,download)/list.php",20170907081316,http://download.osmand.net:80/list.php,text/html,200,FCVOFNWZYJ7HD2BF56G5AP22CLQGXHAD,16218
"net,osmand,download)/list.php",20170907210024,http://download.osmand.net:80/list.php?,text/html,200,ZBN4ZPWCOOJZTK53QTQXHUWJ7GBWB2NW,16210
"net,osmand,download)/list.php",20170911040833,http://download.osmand.net:80/list.php?,text/html,200,GNPGHFRF6MDG7COWH6J632JFLJ4KAOIU,16129
"net,osmand,download)/list.php",20171008083212,http://download.osmand.net:80/list.php,text/html,200,QHHTKFMRUPG27DHT4D2Q7VQWRTZRQ7WL,16220
"net,osmand,download)/list.php",20171010010713,http://download.osmand.net:80/list.php,text/html,200,M4UP5GZSNTCZLXNURDS666IGKSFZ2N5E,16104
"net,osmand,download)/list.php",20171027211835,http://download.osmand.net:80/list.php,text/html,200,M4UP5GZSNTCZLXNURDS666IGKSFZ2N5E,16085
"net,osmand,download)/list.php",20171121072708,http://download.osmand.net:80/list.php,text/html,200,DAYMWPLFU67SYPKENILO5SF2KKWTZO37,16108
"net,osmand,download)/list.php",20171217142430,http://download.osmand.net:80/list.php?,text/html,200,HKPMFBNGC6VHCA44DWAYIYIYNK77KBZI,16177
"net,osmand,download)/list.php",20171217144158,http://download.osmand.net:80/list.php,text/html,200,HKPMFBNGC6VHCA44DWAYIYIYNK77KBZI,16177
"net,osmand,download)/list.php",20171218232605,http://download.osmand.net:80/list.php?,text/html,200,HKPMFBNGC6VHCA44DWAYIYIYNK77KBZI,16175
"net,osmand,download)/list.php",20171219010054,http://download.osmand.net/list.php,text/html,200,HKPMFBNGC6VHCA44DWAYIYIYNK77KBZI,16353
"net,osmand,download)/list.php",20180129000551,http://download.osmand.net:80/list.php,text/html,200,3PFGOMVKFH2XBX72OOLTG4TWOKF3YO3Y,16167
"net,osmand,download)/list.php",20180221004843,http://download.osmand.net:80/list.php,text/html,200,UAB2KNFPGZOT6OAQQOCLF4OUYO3JE3S4,16188
"net,osmand,download)/list.php",20180222112305,http://download.osmand.net:80/list.php,text/html,200,UAB2KNFPGZOT6OAQQOCLF4OUYO3JE3S4,16190
"net,osmand,download)/list.php",20180312051134,http://download.osmand.net:80/list.php,text/html,200,6ZBVDROGRINFT2DKC447FDQWDKAPRSHD,16275
"net,osmand,download)/list.php",20180327213543,http://download.osmand.net:80/list.php,text/html,200,V4EUHMC6A6SQKGMIJO4LLOGZ4IF7BCRC,16181
"net,osmand,download)/list.php",20180423044719,http://download.osmand.net:80/list.php,text/html,200,IKVIVQUE7WNUWTCUAYB6VPJRFICV3CGK,16296
"net,osmand,download)/list.php",20180513070427,http://download.osmand.net/list.php,text/html,200,TI3S67WQEH4PHZN3GZUC3ISTOBGAEUIF,16458
"net,osmand,download)/list.php",20180514000448,http://download.osmand.net:80/list.php,text/html,200,TI3S67WQEH4PHZN3GZUC3ISTOBGAEUIF,16256
"net,osmand,download)/list.php",20180602151018,http://download.osmand.net:80/list.php,text/html,200,OL2VDNBTO27AD2QVMBZGG2GW73JIOOY6,16193
"net,osmand,download)/list.php",20180618163142,http://download.osmand.net:80/list.php,text/html,200,XOXONHIU3EVQEGZICHMBIRGZBAKTSIPG,16188
"net,osmand,download)/list.php",20180704045617,http://download.osmand.net:80/list.php,text/html,200,SKVQBLE6RPAGEXMVMCJOB3ESHPGGZZEV,16278
"net,osmand,download)/list.php",20180720180601,http://download.osmand.net:80/list.php,text/html,200,3PDQCWFFW6F42JLL32YB33X2YXI2Q6ZD,16207
"net,osmand,download)/list.php",20180722065854,http://download.osmand.net:80/list.php,text/html,200,3PDQCWFFW6F42JLL32YB33X2YXI2Q6ZD,16213
"net,osmand,download)/list.php",20180809053849,http://download.osmand.net:80/list.php,text/html,200,3SRR6Q6DRQBG2BHPL6EPJQHKJCHABVYY,16742
"net,osmand,download)/list.php",20180829195740,http://download.osmand.net:80/list.php,text/html,200,NWXW4DKTTGDANTRJAHISF2CRG6UCHU4F,16908
"net,osmand,download)/list.php",20180831025714,http://download.osmand.net:80/list.php,text/html,200,NWXW4DKTTGDANTRJAHISF2CRG6UCHU4F,16906
"net,osmand,download)/list.php",20180901202226,http://download.osmand.net:80/list.php,text/html,200,ZDEV5ZC7DRLOCJZATIJ74IFJKRO2NBKL,21702
"net,osmand,download)/list.php",20180910004244,http://download.osmand.net:80/list.php,text/html,200,S53D4R67APAJZYFUP4RKWAZXLAJU2XU6,17897
"net,osmand,download)/list.php",20180911053846,http://download.osmand.net:80/list.php,text/html,200,U6O3TMHJBS5XKKJM7YM6GPIZIPISHFGJ,17826
"net,osmand,download)/list.php",20180914122517,http://download.osmand.net:80/list.php,text/html,200,U6O3TMHJBS5XKKJM7YM6GPIZIPISHFGJ,17824
"net,osmand,download)/list.php",20180927032724,http://download.osmand.net:80/list.php,text/html,200,7IWF5V7YN2KD4L3HCGH5MFVJZ3CBAKZY,17722
"net,osmand,download)/list.php",20181005012158,http://download.osmand.net:80/list.php,text/html,200,MY4OPVR55IRSJNZVUELJJQYVNGIMBVS6,18169
"net,osmand,download)/list.php",20181017200420,http://download.osmand.net:80/list.php,text/html,200,Y4ZC447R4QFJO2GQ47II2RVGVNIRPBTO,21448
"net,osmand,download)/list.php",20190107110621,http://download.osmand.net:80/list.php,text/html,200,FGLHEVDU5D4INAFFGINXCP4UZ6LHXFQI,22244
"net,osmand,download)/list.php",20190108122734,http://download.osmand.net:80/list.php,text/html,200,MKW3QTGPULAPROL7O6U5POE4EITHGAL5,22201
"net,osmand,download)/list.php",20190208001613,http://download.osmand.net/list.php,text/html,200,ZH6HJHJ5HRBQF3RCMP5SDBBCCZMDKMIE,22367
"net,osmand,download)/list.php",20190310132319,http://download.osmand.net:80/list.php,text/html,200,Z3FR6VF2GEFJGPOY3RZHCW5LBHB6722D,22197
"net,osmand,download)/list.php",20190510060422,http://download.osmand.net:80/list.php,text/html,200,UTS2BHKEB4ZV7JFS734KEQSYHXKB2LZB,22192
"net,osmand,download)/list.php",20190714104239,http://download.osmand.net:80/list.php,text/html,200,2VYOXEUKDSNH4G6N3DOY2QLJH6CT7HHJ,22065
"net,osmand,download)/list.php",20190716155257,http://download.osmand.net/list.php,text/html,200,TOHD2FACZZRVD74EXCUZ5S3A6324HRVR,22265
"net,osmand,download)/list.php",20190721021409,http://download.osmand.net:80/list.php,text/html,200,TOHD2FACZZRVD74EXCUZ5S3A6324HRVR,22067
"net,osmand,download)/list.php",20190805062217,http://download.osmand.net:80/list.php,text/html,200,6VV2N3QZ4RIA2LPHMJ3MDPLQHNIAEHLI,22255
"net,osmand,download)/list.php",20190911144008,http://download.osmand.net:80/list.php,text/html,200,ZYBATNJNEPGMYJTROCOC4DYKSOQOOZC5,22091
"net,osmand,download)/list.php",20190914121439,http://download.osmand.net:80/list.php,text/html,200,ZYBATNJNEPGMYJTROCOC4DYKSOQOOZC5,22090
"net,osmand,download)/list.php",20190922001154,http://download.osmand.net:80/list.php,text/html,200,ZYBATNJNEPGMYJTROCOC4DYKSOQOOZC5,22090
"net,osmand,download)/list.php",20191003052334,http://download.osmand.net/list.php,text/html,200,QLHLD2C56SYD5XZVDB42Y4NDJB2HXZAT,22234
"net,osmand,download)/list.php",20191006070919,http://download.osmand.net:80/list.php,text/html,200,QT7LTMSKBJJCBGACVXANGR5G6BZCZ7WA,22245
"net,osmand,download)/list.php",20191016180552,http://download.osmand.net:80/list.php,text/html,200,JQZFUPAX6TLLD6YLJSRGJPPBQOFT2TLG,22098
"net,osmand,download)/list.php",20191106093445,http://download.osmand.net:80/list.php,text/html,200,IRR65YDQBBBOQMP3STN3ZT32PPZCQ7O5,22264
"net,osmand,download)/list.php",20191207015035,http://download.osmand.net:80/list.php,text/html,200,O3VH5GUXMU5TDJLZXWS3VJBXMOAEFWIJ,22303
"net,osmand,download)/list.php",20191215214953,http://download.osmand.net:80/list.php,text/html,200,ZVHKFUM2PTMYTKYU3GVKA3V7X6PV42XK,22115
"net,osmand,download)/list.php",20200106075933,http://download.osmand.net:80/list.php,text/html,200,HIWT6WSRK2PZX4MZPU3WYBXRIIZE2UYE,22376
"net,osmand,download)/list.php",20200201230944,https://download.osmand.net/list.php,text/html,200,ZMWCIY65BOUNYJOYIXOICT6ZU32NA3JO,22420
"net,osmand,download)/list.php",20200205131738,http://download.osmand.net:80/list.php,text/html,200,Z36VLC5WR27RUB6YAFCRWSRMAQKGP2KD,22338
"net,osmand,download)/list.php",20200211122442,http://download.osmand.net:80/list.php,text/html,200,JYY2JU53CXKJZ754VDWDXZ62K7WH5XZ6,22153
"net,osmand,download)/list.php",20200214030853,http://download.osmand.net:80/list.php,text/html,200,JYY2JU53CXKJZ754VDWDXZ62K7WH5XZ6,22153
"net,osmand,download)/list.php",20200225141049,http://download.osmand.net/list.php,text/html,200,JYY2JU53CXKJZ754VDWDXZ62K7WH5XZ6,22573
"net,osmand,download)/list.php",20200226001821,https://download.osmand.net/list.php,text/html,200,JYY2JU53CXKJZ754VDWDXZ62K7WH5XZ6,22372
"net,osmand,download)/list.php",20200404075638,http://download.osmand.net:80/list.php,text/html,200,F3HG5SGWCURKK3D352CGIOUTFSS2GSJK,22910
"net,osmand,download)/list.php",20200504132920,http://download.osmand.net:80/list.php,text/html,200,I3OMAWKXCTJVC4ZPSYLUHXBXUUDLW33U,22954
"net,osmand,download)/list.php",20200603161150,http://download.osmand.net:80/list.php,text/html,200,M5Y2MDGGFVS5FLIS42HJQO7JXG5H4DRN,22881
"net,osmand,download)/list.php",20200703220636,http://download.osmand.net:80/list.php,text/html,200,KLHTOVED6CDBD7OHR2DSLGEATPOUCRTM,23051
"net,osmand,download)/list.php",20200714161032,http://download.osmand.net:80/list.php,text/html,200,5S34Q754YYYGGOL4CB2ZFSTO57YEBOFD,22708
"net,osmand,download)/list.php",20200727180321,https://download.osmand.net/list.php,text/html,200,5S34Q754YYYGGOL4CB2ZFSTO57YEBOFD,22963
"net,osmand,download)/list.php",20200803004640,http://download.osmand.net:80/list.php,text/html,200,5S34Q754YYYGGOL4CB2ZFSTO57YEBOFD,22711
"net,osmand,download)/list.php",20201112022148,https://download.osmand.net/list.php,text/html,200,Q7H5A7OFH7S6MEKE4JEXHNDTWA275J4A,22278
"net,osmand,download)/list.php",20201215182211,http://download.osmand.net/list.php,text/html,200,D2D267FPNCH7F6C5DSUUZL25A7QUAJL5,22413
"net,osmand,download)/list.php",20210117230349,https://download.osmand.net/list.php,text/html,200,PFJGT6F6ER5J7SK4SAC2X3KIGUH3NNFH,22791
"net,osmand,download)/list.php",20210224224724,http://download.osmand.net/list.php,text/html,200,MX2IDDJ4ODX3L7NVGODIOLHKAJLNVOGV,21818
"net,osmand,download)/list.php",20210506213502,http://download.osmand.net/list.php,text/html,200,TNRS7VPFCIEIWKYW6PMTQDIO3S3KSQ75,21970
"net,osmand,download)/list.php",20210506235947,http://download.osmand.net/list.php,text/html,200,YGBZJTUVJ7JZDXJDVQCPJZQL3MATYO4X,21950
"net,osmand,download)/list.php",20210902020938,http://download.osmand.net/list.php,text/html,200,RTQJHR5LBO2WDKFC6LTXEZ4653NMMEQL,22822
"net,osmand,download)/list.php",20210927171356,https://download.osmand.net/list.php,text/html,200,A7NZM2GD3DTCGX6JJVADPGQJ7S5A5BDV,22727
"net,osmand,download)/list.php",20211127092135,https://download.osmand.net/list.php,text/html,200,OU4G3PWD6KD3AK4Q5FUUD3LEBI65RACU,22559
"net,osmand,download)/list.php",20220111215132,http://download.osmand.net/list.php,text/html,200,TPSOVR7OSBT52IDOZONSTX6LQQ4YTEEE,22995
"net,osmand,download)/list.php",20220118233234,http://download.osmand.net/list.php,text/html,200,HYGG4WMWGG7NRZ2MVENBEXXIZTWWXMNF,22566
"net,osmand,download)/list.php",20220123023615,http://download.osmand.net/list.php,text/html,200,RS5GDYHVYSAQAVZA3IHTYY5EG3NIYWIM,22733
"net,osmand,download)/list.php",20220320104458,http://download.osmand.net/list.php,text/html,200,SPCKTI2KP6H2ZNUJUPICNFSFH3EPNNTG,22526
"net,osmand,download)/list.php",20220328064319,https://download.osmand.net/list.php,text/html,200,M7O7YXSTRTAPVCSC7BEEIOS3CVE2QYTF,22750
"net,osmand,download)/list.php",20220525035028,http://download.osmand.net/list.php,text/html,200,VP2GTVACLQYRBQZZ2SCBAZZKRD4SWDPS,22781
"net,osmand,download)/list.php",20220525045214,https://download.osmand.net/list.php,text/html,200,VP2GTVACLQYRBQZZ2SCBAZZKRD4SWDPS,22783
"net,osmand,download)/list.php",20220618152406,http://download.osmand.net/list.php,text/html,200,M2FPV373BLP5FMU76R25FPQAFMMPYHHP,22889
"net,osmand,download)/list.php",20220702210555,http://download.osmand.net/list.php,text/html,200,C3MXGWEFZHGB2V42USXZUHDPH4VN6AMW,22765
"net,osmand,download)/list.php",20220704202803,https://download.osmand.net/list.php,text/html,200,UCZQQAWGKGREHAKQ2UEFDVRR2HHEOFLN,22888
"net,osmand,download)/list.php",20220704214651,http://download.osmand.net/list.php,text/html,200,7KS734PZSOJKLUXI2BK2A7RRYXBZD7C4,22840
"net,osmand,download)/list.php",20220716022010,https://download.osmand.net/list.php,text/html,200,G4B3S5LOANXCDZOYTN35UMBMRHSCMI22,22899
"net,osmand,download)/list.php",20220721192030,https://download.osmand.net/list.php,text/html,200,FC5N7FP6LAGOM4PMRUSROI2JJW4Q6CUP,22990
"net,osmand,download)/list.php",20220815123500,http://download.osmand.net/list.php,text/html,200,TAHFELSQKMG4UR7A5DKISKXRWXO43OKH,22741
"net,osmand,download)/list.php",20221126165603,https://download.osmand.net/list.php,text/html,200,3D3WLCR52CCAHDSQQQDR4HSL6PBFJ4BX,24342
"net,osmand,download)/list.php",20230131122343,http://download.osmand.net/list.php,text/html,200,DRR3ZXIIQL65JQ6476FQNXWH6GYFKNBL,24016
"net,osmand,download)/list.php",20230131125859,http://download.osmand.net/list.php,text/html,200,DRR3ZXIIQL65JQ6476FQNXWH6GYFKNBL,23949
"net,osmand,download)/list.php",20230131211257,https://download.osmand.net/list.php,text/html,200,DRR3ZXIIQL65JQ6476FQNXWH6GYFKNBL,24021
"net,osmand,download)/list.php",20230216022628,http://download.osmand.net/list.php,text/html,200,OUWD4JQD3OIGOD4LIUUKPCXZGEN3NW63,24192
"net,osmand,download)/list.php",20230305015800,https://download.osmand.net/list.php,text/html,200,HWLFQ27PJHW5P4SARVG2SPLT3YXFCXEF,24834
"net,osmand,download)/list.php",20230328032202,https://download.osmand.net/list.php,text/html,200,YR6EM64PADETQ3RYP7UPVSYTKS4HIPY6,24422
"net,osmand,download)/list.php",20230330034357,https://download.osmand.net/list.php,text/html,200,FDMTNSWA32YOGXSBKD6MZMHGPLHVS7XS,24832
"net,osmand,download)/list.php",20230405232027,https://download.osmand.net/list.php,text/html,200,M3XZ5GVKTUCVCFNNEOA7J3TXEOWGF55L,25220
"net,osmand,download)/list.php",20230617020212,http://download.osmand.net/list.php,text/html,200,MYJNWOZ3FN26D7ZR57NB4PGEEHR7CVSM,24670
"net,osmand,download)/list.php",20230818014423,https://download.osmand.net/list.php,text/html,200,RJESCZEQTWMJ456WJ76DMXGRGIQJBSKH,24812
"net,osmand,download)/list.php",20230922205551,http://download.osmand.net/list.php,text/html,200,LGJXCDZSCXQ3T5SSBLUEWH3DFAYNMHOV,24735
"net,osmand,download)/list.php",20230928021939,https://download.osmand.net/list.php,text/html,200,LGJXCDZSCXQ3T5SSBLUEWH3DFAYNMHOV,24960
"net,osmand,download)/list.php",20231208203831,https://download.osmand.net/list.php,text/html,200,U5QI7U4TFU7GBNDVXBPONKR6KH26OA7K,25204
"net,osmand,download)/list.php",20240102085042,https://download.osmand.net/list.php,text/html,200,PYYPTR5B7IABNTNDSY4EAFCDAG37OK3M,25064
"net,osmand,download)/list.php",20240224155039,http://download.osmand.net/list.php,text/html,200,HBMPYOYUHCLABKM4LQNFDQ3WEW52S3VM,24933
"net,osmand,download)/list.php",20240308124933,http://download.osmand.net/list.php,text/html,200,NPIUTIMQXWQB4JALZPSULWB5NHIAXE25,24700
"net,osmand,download)/list.php",20240308125007,http://download.osmand.net/list.php,text/html,200,NPIUTIMQXWQB4JALZPSULWB5NHIAXE25,24712
"net,osmand,download)/list.php",20240308221834,https://download.osmand.net/list.php,text/html,200,F5F7P375X5VK2E2ZKRWAD4BMPRR2MSUA,25141
"net,osmand,download)/list.php",20240309103126,http://download.osmand.net/list.php,text/html,200,F5F7P375X5VK2E2ZKRWAD4BMPRR2MSUA,25346
"net,osmand,download)/list.php",20240309210209,http://download.osmand.net/list.php,text/html,200,NPIUTIMQXWQB4JALZPSULWB5NHIAXE25,24692
"net,osmand,download)/list.php",20240401214246,http://download.osmand.net/list.php,text/html,200,ZZVH6M3SXJ6DZD72EI6FG2CT7QFFHKQH,25333
"net,osmand,download)/list.php",20240513234701,https://download.osmand.net/list.php,text/html,200,HTSMA4JNOFICADBTBZEOVFPYHFLUJM2A,25194
"net,osmand,download)/list.php",20240521005507,https://download.osmand.net/list.php,text/html,200,73LMCPTTRV5K3Z3OYE3Q6KCACFQ3OI2A,25466
"net,osmand,download)/list.php",20240623052929,http://download.osmand.net/list.php,text/html,200,UOKFPMJUUEH2GWDASEM3AWLXFWG7M6EF,25012
"net,osmand,download)/list.php",20240710174913,https://download.osmand.net/list.php,text/html,200,YK6TVCSIWTIX7ZXNH2UWYEKN3E5OAX3I,25056
"net,osmand,download)/list.php",20240919195248,https://download.osmand.net/list.php,text/html,200,G3BMIQPOE7T4IG7MGH7OUBYUXUKJHA6B,25197
"net,osmand,download)/list.php",20241003165327,http://download.osmand.net/list.php,text/html,200,ZLNVZPS5DG233DSO443EJGEKSTOUM2HB,25098
"net,osmand,download)/list.php",20241111155955,http://download.osmand.net/list.php,text/html,200,7PVOPZGY4JNAI2PCKCKVXEWE3LFXCIA7,24895
"net,osmand,download)/list.php",20241112001047,https://download.osmand.net/list.php,text/html,200,7PVOPZGY4JNAI2PCKCKVXEWE3LFXCIA7,24996
"net,osmand,download)/list.php",20241112055821,http://download.osmand.net/list.php,text/html,200,7PVOPZGY4JNAI2PCKCKVXEWE3LFXCIA7,24893
"net,osmand,download)/list.php",20241112120156,http://download.osmand.net/list.php,text/html,200,7PVOPZGY4JNAI2PCKCKVXEWE3LFXCIA7,25060
"net,osmand,download)/list.php",20241112185916,http://download.osmand.net/list.php,text/html,200,7PVOPZGY4JNAI2PCKCKVXEWE3LFXCIA7,25043
"net,osmand,download)/list.php",20241128154251,https://download.osmand.net/list.php,text/html,200,44GXLA5336462DAVSYHT6UQ5W5X3SXTA,25360
"net,osmand,download)/list.php",20241203130319,https://download.osmand.net/list.php,text/html,200,PHMTODUS4OKNIBCJP3TKISGAQRHHP7ZK,25651
"net,osmand,download)/list.php",20241206145901,http://download.osmand.net/list.php,text/html,200,FU45JERWOX6QGZRW35V5B4F6FGF3RTTN,25521
"net,osmand,download)/list.php",20250117155958,https://download.osmand.net/list.php,text/html,200,YLQVZXNTP4LP6423KQTTM4OOGZIU3MVW,25603
"net,osmand,download)/list.php",20250122181958,http://download.osmand.net/list.php,text/html,200,H6EGXCX6FXFHJBMNK2RZMVEQEJBVSVNF,25144
"net,osmand,download)/list.php",20250122185932,https://download.osmand.net/list.php,text/html,200,H6EGXCX6FXFHJBMNK2RZMVEQEJBVSVNF,25233
"net,osmand,download)/list.php",20250207062343,https://download.osmand.net/list.php,text/html,200,RKWWWBR52PBAUBEC5WD4EHF6O4VGAMKE,25604
"net,osmand,download)/list.php",20250228100307,http://download.osmand.net/list.php,text/html,200,I62FCAPSWZQWVA7XMNMBBLXLH27MU4DT,24800
"net,osmand,download)/list.php",20250318075846,http://download.osmand.net/list.php,text/html,200,2HT2ONNBCGIBUERXJZY6XDW5JTT7CCM4,25026
"net,osmand,download)/list.php",20250323141312,https://download.osmand.net/list.php,text/html,200,2HT2ONNBCGIBUERXJZY6XDW5JTT7CCM4,25045
"net,osmand,download)/list.php",20250502001157,http://download.osmand.net/list.php,text/html,200,AMKDTXNTL7W6ZP6QWC7GC5EZSR7VCD7X,25318
"net,osmand,download)/list.php",20250617091826,https://download.osmand.net/list.php,text/html,200,DRNV6HJH3DAPJA3TTTPGYECNLR7GXVUP,25421
"net,osmand,download)/list.php",20250621105504,http://download.osmand.net/list.php,text/html,200,4BHJYOFAOZBDO4J6YNI3OWJJVK2DA5QU,24994
"net,osmand,download)/list.php",20250627235042,https://download.osmand.net/list.php,text/html,200,QHMLQKA3TKSNDT4DKHBYDKV3FNMYX36H,25165
"net,osmand,download)/list.php",20250704013423,https://download.osmand.net/list.php,text/html,200,ZNG5TW2D7WWNGMQH4PL3YJ3QEFHTP4HB,25177
"net,osmand,download)/list.php",20250711190423,https://download.osmand.net/list.php,text/html,200,HMY7DHUNEWRYA4L725DC4C5CR4OOG2E6,24972
"net,osmand,download)/list.php",20250823105239,http://download.osmand.net/list.php,text/html,200,5DOCV5YNYA6JHJR4FAKPCXVIGCDQN5PC,24729
"net,osmand,download)/list.php",20250916172244,https://download.osmand.net/list.php,text/html,200,5JHY4A3TKXWBLNG5C3MQ7GMU64FESWHC,25064
"net,osmand,download)/list.php",20250916183617,https://download.osmand.net/list.php,text/html,200,5JHY4A3TKXWBLNG5C3MQ7GMU64FESWHC,25065
"net,osmand,download)/list.php",20251010203717,http://download.osmand.net/list.php,text/html,200,47S6DWKNRZZ7XAAF6BMU3OLSEZN7RXWN,25324
"net,osmand,download)/list.php",20251011020255,https://download.osmand.net/list.php,text/html,200,47S6DWKNRZZ7XAAF6BMU3OLSEZN7RXWN,25389
"net,osmand,download)/list.php",20251126025324,http://download.osmand.net/list.php,text/html,200,AIDLTQQFXHPL64CZQYS6WVEL5KDEJRH3,24723
"net,osmand,download)/list.php",20251207200921,http://download.osmand.net/list.php,text/html,200,XS3TVET4ZMCH4UX46C5KTYMYP5XZUHD4,25315
